{
    "Algoritmo recursivo": [
        [
            100,
            0.38956196600338444
        ],
        [
            1000,
            0.7359224940009881
        ],
        [
            2000,
            1.0842864610021934
        ],
        [
            3000,
            1.1400418319972232
        ],
        [
            4000,
            1.2401184269983787
        ],
        [
            5000,
            1.2498869389964966
        ],
        [
            6000,
            1.3709297700115712
        ],
        [
            7000,
            1.3840548870066414
        ],
        [
            8000,
            1.380999509987305
        ],
        [
            9000,
            1.3875866100133862
        ],
        [
            10000,
            1.4992438639892498
        ],
        [
            100000,
            1.4984548219945282
        ],
        [
            1000000,
            1.833302889004699
        ],
        [
            10000000,
            2.1428458810114535
        ],
        [
            100000000,
            2.5699618899961933
        ]
    ],
    "Algoritmo iterativo": [
        [
            100,
            0.3519902129919501
        ],
        [
            1000,
            0.6079934879962821
        ],
        [
            2000,
            0.9089254070131574
        ],
        [
            3000,
            0.9736868170002708
        ],
        [
            4000,
            1.0644596880010795
        ],
        [
            5000,
            1.0725649609958054
        ],
        [
            6000,
            1.1810421900008805
        ],
        [
            7000,
            1.1870045870018657
        ],
        [
            8000,
            1.1908110960066551
        ],
        [
            9000,
            1.1985593359859195
        ],
        [
            10000,
            1.2842471769981785
        ],
        [
            100000,
            1.2863909910083748
        ],
        [
            1000000,
            1.534518353000749
        ],
        [
            10000000,
            1.8123848940012977
        ],
        [
            100000000,
            2.1704227549926145
        ]
    ]
}